neighbourhood,total_mean,total_std,total_median,total_min,total_max,time_mean_sec
N5,90.26,4.453168205975053,90.0,78,100,21.100895748992915
N3,90.58,4.8077798904221405,90.5,79,102,20.27807836998487
N2,91.09,4.801294017494058,91.0,79,103,18.1483949269983
N4,91.26,4.585043757983803,91.0,81,102,20.20111238100333
N1,91.76,4.102524475333094,92.0,82,107,12.239210686993319
